group,episode,offset,frame_idx,mahalanobis
treechop,5,0.0,11352,13.394378
treechop,5,0.1,11553,6.132084
treechop,5,0.25,11855,7.306594
treechop,5,0.5,12358,5.184144
treechop,7,0.0,15807,9.828165
treechop,7,0.1,16008,5.735362
treechop,7,0.25,16310,4.655774
treechop,7,0.5,16813,4.712460
treechop,12,0.0,26736,8.003577
treechop,12,0.1,26980,7.078673
treechop,12,0.25,27345,5.563031
treechop,12,0.5,27954,5.511731
treechop,15,0.0,33352,7.957052
treechop,15,0.1,33566,6.065565
treechop,15,0.25,33886,7.524213
treechop,15,0.5,34421,7.478817
treechop,16,0.0,35491,8.470904
treechop,16,0.1,35795,6.521491
treechop,16,0.25,36250,5.160658
treechop,16,0.5,37009,5.165066
treechop,18,0.0,42663,9.294125
treechop,18,0.1,42919,5.767265
treechop,18,0.25,43302,7.696530
treechop,18,0.5,43941,7.190553
treechop,33,0.0,72013,8.552240
treechop,33,0.1,72228,5.922963
treechop,33,0.25,72551,5.505964
treechop,33,0.5,73089,5.533899
treechop,37,0.0,80473,8.615904
treechop,37,0.1,80667,5.816769
treechop,37,0.25,80959,7.495455
treechop,37,0.5,81445,8.550239
treechop,45,0.0,98880,9.036750
treechop,45,0.1,99033,7.552237
treechop,45,0.25,99262,7.112059
treechop,45,0.5,99644,5.711490
treechop,52,0.0,110292,17.352925
treechop,52,0.1,110460,7.781508
treechop,52,0.25,110712,6.726375
treechop,52,0.5,111132,5.340383
treechop,55,0.0,115879,16.206462
treechop,55,0.1,116032,8.246674
treechop,55,0.25,116261,6.111075
treechop,55,0.5,116643,5.593401
treechop,66,0.0,139059,7.800509
treechop,66,0.1,139236,6.132240
treechop,66,0.25,139501,7.705807
treechop,66,0.5,139942,6.117628
treechop,71,0.0,148789,8.134027
treechop,71,0.1,149042,6.964605
treechop,71,0.25,149421,11.023656
treechop,71,0.5,150054,6.318686
treechop,75,0.0,159717,7.640117
treechop,75,0.1,159995,5.468665
treechop,75,0.25,160411,6.883934
treechop,75,0.5,161105,4.446630
treechop,80,0.0,173175,9.355040
treechop,80,0.1,173438,4.646506
treechop,80,0.25,173833,6.563943
treechop,80,0.5,174490,7.787261
treechop,83,0.0,180856,15.773073
treechop,83,0.1,181108,7.630570
treechop,83,0.25,181487,4.666391
treechop,83,0.5,182118,12.407557
treechop,86,0.0,189843,8.158879
treechop,86,0.1,190092,5.927550
treechop,86,0.25,190467,5.023362
treechop,86,0.5,191090,4.548384
treechop,90,0.0,200566,7.911304
treechop,90,0.1,200824,4.842736
treechop,90,0.25,201211,7.396422
treechop,90,0.5,201856,5.463822
treechop,92,0.0,206034,9.047396
treechop,92,0.1,206344,4.846448
treechop,92,0.25,206808,5.236837
treechop,92,0.5,207582,4.159352
treechop,96,0.0,214618,9.709638
treechop,96,0.1,214816,7.230033
treechop,96,0.25,215114,5.408403
treechop,96,0.5,215610,4.941052
treechop,116,0.0,259771,14.149255
treechop,116,0.1,259931,5.643437
treechop,116,0.25,260172,6.252100
treechop,116,0.5,260573,5.457298
treechop,118,0.0,263031,21.173028
treechop,118,0.1,263169,5.665759
treechop,118,0.25,263375,8.226849
treechop,118,0.5,263720,7.392925
treechop,122,0.0,269372,15.313791
treechop,122,0.1,269551,4.489728
treechop,122,0.25,269818,6.310655
treechop,122,0.5,270265,12.763829
treechop,124,0.0,273100,12.339618
treechop,124,0.1,273257,7.383878
treechop,124,0.25,273493,6.058421
treechop,124,0.5,273886,6.228774
treechop,125,0.0,274673,9.999970
treechop,125,0.1,274823,7.410490
treechop,125,0.25,275049,5.536139
treechop,125,0.5,275425,4.566277
treechop,134,0.0,289660,17.609367
treechop,134,0.1,289843,6.669819
treechop,134,0.25,290117,6.150891
treechop,134,0.5,290574,6.161926
treechop,135,0.0,291490,12.740213
treechop,135,0.1,291679,6.440076
treechop,135,0.25,291962,8.108461
treechop,135,0.5,292434,6.591792
treechop,138,0.0,296663,11.296439
treechop,138,0.1,296858,6.271164
treechop,138,0.25,297150,12.227904
treechop,138,0.5,297637,6.353972
treechop,145,0.0,311140,9.611327
treechop,145,0.1,311307,7.738443
treechop,145,0.25,311557,5.213155
treechop,145,0.5,311974,4.777527
treechop,149,0.0,323333,9.685521
treechop,149,0.1,323572,5.534822
treechop,149,0.25,323930,5.218766
treechop,149,0.5,324527,4.979502
treechop,154,0.0,333986,11.311405
treechop,154,0.1,334138,6.171022
treechop,154,0.25,334366,4.927418
treechop,154,0.5,334745,4.574095
treechop,156,0.0,337454,8.359187
treechop,156,0.1,337649,6.168628
treechop,156,0.25,337942,5.085344
treechop,156,0.5,338429,5.751410
treechop,158,0.0,341211,17.716626
treechop,158,0.1,341562,8.901273
treechop,158,0.25,342088,9.704160
treechop,158,0.5,342965,8.906747
treechop,170,0.0,364588,13.242253
treechop,170,0.1,364739,5.883258
treechop,170,0.25,364966,7.129541
treechop,170,0.5,365344,6.290723
treechop,176,0.0,375082,8.774848
treechop,176,0.1,375305,8.042272
treechop,176,0.25,375639,6.983803
treechop,176,0.5,376196,5.313649
treechop,185,0.0,393144,9.520985
treechop,185,0.1,393300,7.982351
treechop,185,0.25,393535,7.908085
treechop,185,0.5,393926,6.441284
treechop,187,0.0,396784,9.706393
treechop,187,0.1,397110,8.556865
treechop,187,0.25,397598,6.097571
treechop,187,0.5,398412,8.958632
treechop,188,0.0,400041,9.696284
treechop,188,0.1,400420,5.564030
treechop,188,0.25,400987,14.250366
treechop,188,0.5,401934,5.342354
treechop,190,0.0,405912,8.446585
treechop,190,0.1,406123,7.553576
treechop,190,0.25,406440,7.119136
treechop,190,0.5,406969,4.180320
treechop,194,0.0,415139,8.962948
treechop,194,0.1,415344,8.083253
treechop,194,0.25,415651,5.018513
treechop,194,0.5,416163,5.193238
obtain_spawn,ep001_1784633250670,0.0,0,5.856569
obtain_spawn,ep001_1784633396270,0.0,0,10.741690
obtain_spawn,ep001_1784633525602,0.0,0,11.721792
obtain_spawn,ep001_1784647041967,0.0,0,13.375573
obtain_spawn,ep001_1784647176868,0.0,0,6.366618
obtain_spawn,ep001_1784647301681,0.0,0,7.843409
obtain_spawn,ep001_1784647444573,0.0,0,9.122461
obtain_spawn,ep001_1784647592008,0.0,0,12.398866
obtain_spawn,ep001_1784647708743,0.0,0,15.052218
obtain_spawn,ep001_1784647828624,0.0,0,9.206591
obtain_spawn,ep001_1784647943879,0.0,0,7.164889
obtain_coverage,0,0.0,0,6.484330
obtain_coverage,0,0.1,40,5.332896
obtain_coverage,0,0.25,100,9.328080
obtain_coverage,0,0.5,200,17.425599
obtain_coverage,1,0.0,400,11.396422
obtain_coverage,1,0.1,440,9.860101
obtain_coverage,1,0.25,500,10.673040
obtain_coverage,1,0.5,600,10.190960
obtain_coverage,2,0.0,800,9.320822
obtain_coverage,2,0.1,840,10.106752
obtain_coverage,2,0.25,900,13.354849
obtain_coverage,2,0.5,1000,12.718958
obtain_coverage,3,0.0,1200,8.124447
obtain_coverage,3,0.1,1240,10.919134
obtain_coverage,3,0.25,1300,11.852623
obtain_coverage,3,0.5,1400,8.814547
obtain_coverage,4,0.0,1600,9.185212
obtain_coverage,4,0.1,1640,9.348421
obtain_coverage,4,0.25,1700,18.411187
obtain_coverage,4,0.5,1800,11.517304
obtain_coverage,5,0.0,2000,11.575740
obtain_coverage,5,0.1,2040,10.731931
obtain_coverage,5,0.25,2100,11.062720
obtain_coverage,5,0.5,2200,8.629461
obtain_coverage,6,0.0,2400,7.675761
obtain_coverage,6,0.1,2440,7.414752
obtain_coverage,6,0.25,2500,10.671737
obtain_coverage,6,0.5,2600,6.176209
obtain_coverage,7,0.0,2800,12.331425
obtain_coverage,7,0.1,2840,15.388354
obtain_coverage,7,0.25,2900,11.881087
obtain_coverage,7,0.5,3000,9.151451
obtain_coverage,8,0.0,3200,10.939357
obtain_coverage,8,0.1,3240,10.424680
obtain_coverage,8,0.25,3300,11.938886
obtain_coverage,8,0.5,3400,11.988338
obtain_coverage,9,0.0,3600,17.029546
obtain_coverage,9,0.1,3640,14.673616
obtain_coverage,9,0.25,3700,11.215626
obtain_coverage,9,0.5,3800,14.669951
obtain_coverage,10,0.0,4000,11.493831
obtain_coverage,10,0.1,4040,9.172546
obtain_coverage,10,0.25,4100,8.955187
obtain_coverage,10,0.5,4200,9.176785
obtain_coverage,11,0.0,4400,10.228479
obtain_coverage,11,0.1,4440,6.945946
obtain_coverage,11,0.25,4500,9.819485
obtain_coverage,11,0.5,4600,10.137940
obtain_coverage,12,0.0,4800,5.904984
obtain_coverage,12,0.1,4840,5.703084
obtain_coverage,12,0.25,4900,5.871029
obtain_coverage,12,0.5,5000,5.530041
obtain_coverage,13,0.0,5200,14.601332
obtain_coverage,13,0.1,5240,10.579366
obtain_coverage,13,0.25,5300,10.352377
obtain_coverage,13,0.5,5400,12.307402
obtain_coverage,14,0.0,5600,10.084923
obtain_coverage,14,0.1,5640,10.223005
obtain_coverage,14,0.25,5700,10.689692
obtain_coverage,14,0.5,5800,11.008481
obtain_coverage,15,0.0,6000,7.215470
obtain_coverage,15,0.1,6040,6.145292
obtain_coverage,15,0.25,6100,8.396739
obtain_coverage,15,0.5,6200,5.995196
obtain_coverage,16,0.0,6400,6.973127
obtain_coverage,16,0.1,6440,5.674191
obtain_coverage,16,0.25,6500,7.059628
obtain_coverage,16,0.5,6600,8.871795
obtain_coverage,17,0.0,6800,6.775830
obtain_coverage,17,0.1,6840,9.041401
obtain_coverage,17,0.25,6900,8.361212
obtain_coverage,17,0.5,7000,6.799653
obtain_coverage,18,0.0,7200,9.846522
obtain_coverage,18,0.1,7240,7.474875
obtain_coverage,18,0.25,7300,12.035706
obtain_coverage,18,0.5,7400,10.367023
obtain_coverage,19,0.0,7600,6.729632
obtain_coverage,19,0.1,7640,9.860519
obtain_coverage,19,0.25,7700,9.742695
obtain_coverage,19,0.5,7800,10.436016
